Eligibility	Application Method	Application Date	Biometric Date	Approval Date	Ceremony Date
t1_mebntbm	ILR	Online	2025-01-04	2025-01-15	2025-03-03	2025-03-07
t1_m9zxqzu	ILR	Online	2025-01-22	2025-01-30	2025-03-31	2025-04-15
t1_mvxfjqo	EUSS	Online	2025-04-08	2025-04-11	2025-06-23	2025-07-07
t1_mwbr3cj	ILR	Online	2025-03-20	2025-04-09	2025-06-06	2025-06-18
t1_mwchh7d	EUSS	Online	2025-04-01	2025-04-03	2025-06-06	2025-07-01
t1_mrh2jrl	ILR (+ Marriage)	Online	2025-02-16	2025-02-25	2025-05-09	2025-07-01
t1_mjglc4e	ILR	Online	2025-02-08	2025-02-19	N/A	N/A
t1_me34wk5	EUSS	Online	2025-02-03	2025-02-10	2025-04-11	2025-05-14
t1_mwt5byt	EUSS	Online	N/A	N/A	N/A	N/A
t1_mwty5qk	ILR	Online	2025-03-17	2025-03-28	2025-06-09	2025-07-21
t1_mvkj1cj	ILR (+ Marriage)	Online	2025-03-21	2025-03-28	2025-06-02	N/A
t1_mtmhl6f	EUSS	Online	2025-03-04	2025-03-10	2025-05-19	2025-06-11
t1_mvawapa	ILR	Online	2025-03-16	2025-03-22	2025-05-31	2025-06-16
t1_mwqu4hv	MN1	Online	2025-04-04	2025-04-08	2025-06-04	N/A
t1_myho304	EUSS	Online	2025-03-09	2025-03-20	2025-05-19	2025-05-30
t1_ncd6yje	EUSS	Online	2025-06-15	2025-07-09	2025-09-04	N/A
t1_m3hp5p5	ILR (+ Marriage)	Online	2024-10-02	2024-10-25	2024-11-25	2025-01-07
t1_molldpm	ILR (+ Marriage)	Online	2025-02-11	2025-02-17	N/A	N/A
t1_mryf75w	ILR	Online	2025-03-17	2025-03-28	N/A	N/A
